{"coef_": [[0.3697463793751492, 0.3337341524078693, 0.3471230803965566, 0.3051089020831953, 0.3589847929464716]], "intercept_": [0.49556208018307635]}