{"coef_": [[1.4057853025987102, 0.8734505921980806, 1.5296613474195895, 0.39575574905703326, 1.359148664977416]], "intercept_": [-2.950847057734984]}