{"coef_": [[0.7796539005321015, 1.1108295440588878, 0.7235995609731011, 1.1180607497921555, 1.6819340547715382]], "intercept_": [-2.6361315824701466]}