{"coef_": [0.4442998766899109, -0.22096464037895203, 0.2907268702983856, 0.23230794072151184, 0.1658860296010971], "intercept_": 0.1122598648071289}