{"coef_": [0.3070599436759949, -0.0827314630150795, -0.17885449528694153, 0.4429995119571686, 0.40178704261779785], "intercept_": 0.11404627561569214}