{"coef_": [[1.4327527993557707, 0.9858437351133967, 0.51382081364584, 1.3019019379688266, 2.047075747244823]], "intercept_": [-2.9864722343028465]}