{"coef_": [[0.9513454151273069, 1.5081226019657057, 1.3871028905042946, 1.4525097584552122, 0.8201495697974858]], "intercept_": [-3.1965001941353064]}