{"coef_": [[1.0407673896765703, 1.4058198107164932, 0.703634166956334, 1.4463584126315194, 1.4000272865092769]], "intercept_": [-2.6209032527374423]}