{"coef_": [0.2904852628707886, 0.07946471869945526, 0.2585838735103607, 0.15406504273414612, 0.229765847325325], "intercept_": 0.021612882614135742}