{"coef_": [0.25113725662231445, 0.11294180899858475, 0.08030988276004791, 0.2999826967716217, 0.22433313727378845], "intercept_": -0.0330803245306015}