{"coef_": [[1.6859513462366496, 1.2743820989788983, 0.40185096561016825, 0.333801934990258, 1.7630948036851601]], "intercept_": [-2.640495126235471]}