{"coef_": [[0.8889739798671077, 1.4645353559248142, 0.6170796637485082, 0.5974555936658176, 0.6037516804898355]], "intercept_": [-1.9342104727456735]}