{"coef_": [[1.5953230095303645, 0.3451414727888549, 0.460618385519078, 0.999938480168404, -0.24918904295815458]], "intercept_": [-1.3831547591861133]}