{"coef_": [[1.2747310392403637, 0.7232862843383223, 1.93216974555622, 0.9029273605798758, 0.6368381428631511]], "intercept_": [-2.5270829810273536]}