{"coef_": [[-0.06570309204523087, 0.6532567310874289, 0.28782658846967196, 0.4189852358772312, -0.21486763990949376]], "intercept_": [-0.8277716578781971]}