{"coef_": [[1.0729127773275633, 0.8254769117422243, 1.1609646402970666, 1.1770474842977081, 1.0361459129764594]], "intercept_": [-2.2124909749387403]}