{"coef_": [[1.120230897846635, 0.7184427159430755, 0.1460590046848651, 0.5261571062220823, -0.2720482738317353]], "intercept_": [-1.5158228100347102]}