{"coef_": [[0.5988793618855445, 0.8115171345456558, 0.9819360763609389, 0.5367509970998924, 1.5176482108739566]], "intercept_": [-1.4026948624762956]}