{"coef_": [[1.4661275042116217, -0.006086023283685259, 1.3407223574697604, 1.3786557160284654, 1.0096911150800079]], "intercept_": [-2.6533679188053805]}