{"coef_": [[1.049079476094014, 1.033844717910644, 0.6631102761016087, 0.9189556721487918, 0.8486246498595442]], "intercept_": [-0.6711819037679027]}