{"coef_": [[2.3662849358866205, 0.9207987770468861, 0.32427077102498736, 0.9114669458327498, 0.5409713003342947]], "intercept_": [-2.4699706598725846]}