{"coef_": [[1.3429246024771955, 0.8657046889876533, 1.2535565228453225, 1.260362641170475, 0.9945328117418424]], "intercept_": [-3.1180524823383844]}