{"coef_": [[0.7632160918440766, 1.3754458449852776, 1.3667858520961338, 1.086265302790116, 0.6161260158502059]], "intercept_": [-2.551462026031134]}