{"coef_": [[0.09604223380717397, 0.29879962656770914, 0.40021518625377356, 0.059487663286395744, 0.1448741925121036]], "intercept_": [-0.1802187458869435]}