{"coef_": [[1.1660156373811539, -0.3061531584185098, -0.042636881076447926, -0.22665885551123072, -0.14573640410716346]], "intercept_": [-1.06149024254529]}