{"coef_": [[-0.14816348520861813, -0.15375376585699616, -0.107180943829574, -0.20343295325765487, 1.0452260109194789]], "intercept_": [-0.35147823529575944]}