{"coef_": [-0.1378421038389206, 0.19100813567638397, 0.11405663937330246, 0.38968750834465027, 0.4507986009120941], "intercept_": -0.8909835815429688}