{"coef_": [[1.183024230019664, -0.3179427676697584, 0.5601062693265619, 0.757078480716812, 0.5506782576962065]], "intercept_": [-1.920111285112896]}