{"coef_": [[0.38355732688832933, -0.31728254894100755, 0.3820220302777457, 0.27671616767554347, 0.14393404370512414]], "intercept_": [-1.749849920699374]}